<?xml version="1.0" ?>
<!--
  Copyright 2001-2004 The Apache Software Foundation

  Licensed under the Apache License, Version 2.0 (the "License");
  you may not use this file except in compliance with the License.
  You may obtain a copy of the License at

       http://www.apache.org/licenses/LICENSE-2.0

  Unless required by applicable law or agreed to in writing, software
  distributed under the License is distributed on an "AS IS" BASIS,
  WITHOUT WARRANTIES OR CONDITIONS OF ANY KIND, either express or implied.
  See the License for the specific language governing permissions and
  limitations under the License.
-->
<module name="dom4j">

  <url href="http://www.dom4j.org"/>
  <description>
    The flexible XML framework for Java
  </description>
  <redistributable/>

  <cvs repository="sourceforge"  dir="dom4j"/>
  
  <project name="dom4j">
    <package>org.dom4j</package>

    <ant target="gump">
      <property name="jaxen.src" project="jaxen-from-packaged-dom4j"
                path="src/java/main"/>
      <sysproperty name="build.clonevm" value="true"/>
    </ant>
    <depend project="ant" inherit="runtime"/>
    <depend project="xml-xerces"/>
    <depend project="junit"/>
    <depend project="xml-apis"/>
    <depend project="xml-xalan2"/>
    <depend project="xpp"/>
    <depend project="jaxen-from-packaged-dom4j"/>
    <depend project="xsdlib"/>
    <depend project="relaxng"/>
    <depend project="stax"/>
    <depend project="jtidy"/>
    <depend project="junitperf"/>

    <!-- needed for tests -->
    <work nested="build/classes"/>
    <!-- holds resources for tests -->
    <work nested="."/>

    <junitreport nested="build/test-results/xml"/>
    <jar name="build/dom4j.jar" id="dom4j"/>
    <license name="LICENSE.txt"/>
    <nag from="Maarten Coene &lt;MacBelgium@toughguy.net&gt;" to="dom4j-dev@lists.sourceforge.net" />
  </project>

  <project name="xpp">
    <package>sxt</package>
    <package>xpp</package>

    <url href="http://www.extreme.indiana.edu/soap/xpp/"/>
    <!-- jar name="lib/PullParser11.jar"/ -->
    <!-- jar name="lib/PullParser2.jar"/ -->
    <jar name="lib/pull-parser-2.jar"/>
  </project>

</module>