<?xml version="1.0" encoding="UTF-8"?>
<jalopy>
    <general>
        <compliance>
            <version>14</version>
        </compliance>
        <style>
            <description>Sun Java Coding Convention</description>
            <name>Sun</name>
        </style>
    </general>
    <inspector>
        <enable>false</enable>
        <naming>
            <classes>
                <abstract>[A-Z][a-zA-Z0-9]+</abstract>
                <general>[A-Z][a-zA-Z0-9]+</general>
            </classes>
            <fields>
                <default>[a-z][\w]+</default>
                <defaultStatic>[a-z][\w]+</defaultStatic>
                <defaultStaticFinal>[a-zA-Z][\w]+</defaultStaticFinal>
                <private>[a-z][\w]+</private>
                <privateStatic>[a-z][\w]+</privateStatic>
                <privateStaticFinal>[a-zA-Z][\w]+</privateStaticFinal>
                <protected>[a-z][\w]+</protected>
                <protectedStatic>[a-z][\w]+</protectedStatic>
                <protectedStaticFinal>[a-zA-Z][\w]+</protectedStaticFinal>
                <public>[a-z][\w]+</public>
                <publicStatic>[a-z][\w]+</publicStatic>
                <publicStaticFinal>[a-zA-Z][\w]+</publicStaticFinal>
            </fields>
            <interfaces>[A-Z][a-zA-Z0-9]+</interfaces>
            <labels>\w+</labels>
            <methods>
                <default>[a-z][\w]+</default>
                <defaultStatic>[a-z][\w]+</defaultStatic>
                <defaultStaticFinal>[a-z][\w]+</defaultStaticFinal>
                <private>[a-z][\w]+</private>
                <privateStatic>[a-z][\w]+</privateStatic>
                <privateStaticFinal>[a-z][\w]+</privateStaticFinal>
                <protected>[a-z][\w]+</protected>
                <protectedStatic>[a-z][\w]+</protectedStatic>
                <protectedStaticFinal>[a-z][\w]+</protectedStaticFinal>
                <public>[a-z][\w]+</public>
                <publicStatic>[a-z][\w]+</publicStatic>
                <publicStaticFinal>[a-z][\w]+</publicStaticFinal>
            </methods>
            <packages>[a-z]+(?:\.[a-z]+)*</packages>
            <parameters>
                <default>[a-z][\w]+</default>
                <final>[a-z][\w]+</final>
            </parameters>
            <variables>[a-z][\w]*</variables>
        </naming>
        <tips>
            <adhereToNamingConvention>false</adhereToNamingConvention>
            <alwaysOverrideHashCode>false</alwaysOverrideHashCode>
            <avoidThreadGroups>false</avoidThreadGroups>
            <declareCollectionComment>false</declareCollectionComment>
            <dontIgnoreExceptions>false</dontIgnoreExceptions>
            <dontSubstituteObjectEquals>false</dontSubstituteObjectEquals>
            <neverDeclareException>false</neverDeclareException>
            <neverDeclareThrowable>false</neverDeclareThrowable>
            <neverInvokeWaitOutsideLoop>false</neverInvokeWaitOutsideLoop>
            <neverReturnZeroArrays>false</neverReturnZeroArrays>
            <neverUseEmptyFinally>false</neverUseEmptyFinally>
            <obeyContractEquals>false</obeyContractEquals>
            <overrideToString>false</overrideToString>
            <referToObjectsByInterface>false</referToObjectsByInterface>
            <replaceStructureWithClass>false</replaceStructureWithClass>
            <stringLiterallI18n>false</stringLiterallI18n>
            <useInterfaceOnlyForTypes>false</useInterfaceOnlyForTypes>
            <wrongCollectionComment>false</wrongCollectionComment>
        </tips>
    </inspector>
    <internal>
        <version>6</version>
    </internal>
    <messages>
        <priority>
            <general>30000</general>
            <parser>30000</parser>
            <parserJavadoc>30000</parserJavadoc>
            <printer>30000</printer>
            <printerJavadoc>30000</printerJavadoc>
            <transform>30000</transform>
        </priority>
        <showErrorStackTrace>true</showErrorStackTrace>
    </messages>
    <misc>
        <threadCount>1</threadCount>
    </misc>
    <printer>
        <alignment>
            <methodCallChain>true</methodCallChain>
            <parameterMethodDeclaration>false</parameterMethodDeclaration>
            <ternaryOperator>true</ternaryOperator>
            <variableAssignment>false</variableAssignment>
            <variableIdentifier>false</variableIdentifier>
        </alignment>
        <backup>
            <directory>bak</directory>
            <level>0</level>
        </backup>
        <blanklines>
            <after>
                <block>1</block>
                <braceLeft>0</braceLeft>
                <class>1</class>
                <declaration>0</declaration>
                <footer>1</footer>
                <header>1</header>
                <interface>1</interface>
                <lastImport>1</lastImport>
                <method>1</method>
                <package>1</package>
            </after>
            <before>
                <block>1</block>
                <braceRight>0</braceRight>
                <caseBlock>1</caseBlock>
                <comment>
                    <javadoc>1</javadoc>
                    <multiline>1</multiline>
                    <singleline>1</singleline>
                </comment>
                <controlStatement>1</controlStatement>
                <declaration>1</declaration>
                <footer>4</footer>
                <header>0</header>
            </before>
            <keepUpTo>1</keepUpTo>
        </blanklines>
        <braces>
            <empty>
                <cuddle>false</cuddle>
                <insertStatement>false</insertStatement>
            </empty>
            <insert>
                <dowhile>true</dowhile>
                <for>true</for>
                <ifelse>true</ifelse>
                <while>true</while>
            </insert>
            <remove>
                <block>false</block>
                <dowhile>false</dowhile>
                <for>false</for>
                <ifelse>false</ifelse>
                <while>false</while>
            </remove>
            <treatDifferent>
                <methodClass>false</methodClass>
                <methodClassIfWrapped>false</methodClassIfWrapped>
            </treatDifferent>
        </braces>
        <chunks>
            <blanklines>true</blanklines>
            <comments>true</comments>
        </chunks>
        <comments>
            <format>
                <multiline>false</multiline>
            </format>
            <javadoc>
                <check>
                    <innerclass>false</innerclass>
                    <tags>true</tags>
                    <throwsTags>true</throwsTags>
                </check>
                <fieldsShort>true</fieldsShort>
                <generate>
                    <class>0</class>
                    <constructor>0</constructor>
                    <field>0</field>
                    <method>0</method>
                </generate>
                <parseComments>false</parseComments>
                <tags>
                    <in-line />
                    <standard />
                </tags>
                <templates>
                    <method>
                        <bottom> */</bottom>
                        <exception> * @throws $exceptionType$ DOCUMENT ME!</exception>
                        <param> * @param $paramType$ DOCUMENT ME!</param>
                        <return> * @return DOCUMENT ME!</return>
                        <top>/**| * DOCUMENT ME!</top>
                    </method>
                </templates>
            </javadoc>
            <remove>
                <javadoc>false</javadoc>
                <multiline>false</multiline>
                <singleline>false</singleline>
            </remove>
            <separator>
                <fillCharacter>-</fillCharacter>
                <insert>false</insert>
                <insertRecursive>false</insertRecursive>
                <text>
                    <class>Inner Classes</class>
                    <constructor>Constructors</constructor>
                    <field>Instance fields</field>
                    <initializer>Instance initializers</initializer>
                    <interface>Inner Interfaces</interface>
                    <method>Methods</method>
                    <static>Static fields/initializers</static>
                </text>
            </separator>
        </comments>
        <environment />
        <footer>
            <keys>MetaStuff</keys>
            <smartMode>20</smartMode>
            <text>/*| * Redistribution and use of this software and associated documentation| * ("Software"), with or without modification, are permitted provided| * that the following conditions are met:| *| * 1. Redistributions of source code must retain copyright| *    statements and notices.  Redistributions must also contain a| *    copy of this document.| *| * 2. Redistributions in binary form must reproduce the| *    above copyright notice, this list of conditions and the| *    following disclaimer in the documentation and/or other| *    materials provided with the distribution.| *| * 3. The name "DOM4J" must not be used to endorse or promote| *    products derived from this Software without prior written| *    permission of MetaStuff, Ltd.  For written permission,| *    please contact dom4j-info@metastuff.com.| *| * 4. Products derived from this Software may not be called "DOM4J"| *    nor may "DOM4J" appear in their names without prior written| *    permission of MetaStuff, Ltd. DOM4J is a registered| *    trademark of MetaStuff, Ltd.| *| * 5. Due credit should be given to the DOM4J Project -| *    http://www.dom4j.org| *| * THIS SOFTWARE IS PROVIDED BY METASTUFF, LTD. AND CONTRIBUTORS| * ``AS IS'' AND ANY EXPRESSED OR IMPLIED WARRANTIES, INCLUDING, BUT| * NOT LIMITED TO, THE IMPLIED WARRANTIES OF MERCHANTABILITY AND| * FITNESS FOR A PARTICULAR PURPOSE ARE DISCLAIMED.  IN NO EVENT SHALL| * METASTUFF, LTD. OR ITS CONTRIBUTORS BE LIABLE FOR ANY DIRECT,| * INDIRECT, INCIDENTAL, SPECIAL, EXEMPLARY, OR CONSEQUENTIAL DAMAGES| * (INCLUDING, BUT NOT LIMITED TO, PROCUREMENT OF SUBSTITUTE GOODS OR| * SERVICES; LOSS OF USE, DATA, OR PROFITS; OR BUSINESS INTERRUPTION)| * HOWEVER CAUSED AND ON ANY THEORY OF LIABILITY, WHETHER IN CONTRACT,| * STRICT LIABILITY, OR TORT (INCLUDING NEGLIGENCE OR OTHERWISE)| * ARISING IN ANY WAY OUT OF THE USE OF THIS SOFTWARE, EVEN IF ADVISED| * OF THE POSSIBILITY OF SUCH DAMAGE.| *| * Copyright 2001-2005 (C) MetaStuff, Ltd. All Rights Reserved.| */</text>
            <use>true</use>
        </footer>
        <header>
            <keys>MetaStuff</keys>
            <smartMode>20</smartMode>
            <text>/*| * Copyright 2001-2005 (C) MetaStuff, Ltd. All Rights Reserved.| *| * This software is open source.| * See the bottom of this file for the licence.| */</text>
            <use>true</use>
        </header>
        <history>
            <policy>disabled</policy>
        </history>
        <imports>
            <grouping>
                <defaultDepth>3</defaultDepth>
                <packages>*:0|java:1|javax:1|org:2</packages>
            </grouping>
            <policy>disabled</policy>
            <sort>true</sort>
        </imports>
        <indentation>
            <caseFromSwitch>true</caseFromSwitch>
            <continuation>
                <block>true</block>
                <operator>false</operator>
            </continuation>
            <firstColumnComments>false</firstColumnComments>
            <label>false</label>
            <policy>
                <deep>true</deep>
            </policy>
            <sizes>
                <braceCuddled>1</braceCuddled>
                <braceLeft>1</braceLeft>
                <braceRight>0</braceRight>
                <braceRightAfter>1</braceRightAfter>
                <continuation>4</continuation>
                <deep>55</deep>
                <extends>-1</extends>
                <general>4</general>
                <implements>-1</implements>
                <leading>0</leading>
                <tabs>8</tabs>
                <throws>-1</throws>
                <trailingComment>1</trailingComment>
            </sizes>
            <tabs>
                <enable>false</enable>
                <onlyLeading>false</onlyLeading>
            </tabs>
        </indentation>
        <misc>
            <arrayBracketsAfterIdent>false</arrayBracketsAfterIdent>
            <forceFormatting>false</forceFormatting>
            <insertExpressionParentheses>true</insertExpressionParentheses>
            <insertLoggingConditional>false</insertLoggingConditional>
            <insertTrailingNewline>true</insertTrailingNewline>
            <insertUID>false</insertUID>
        </misc>
        <sorting>
            <declaration>
                <class>false</class>
                <constructor>false</constructor>
                <enable>false</enable>
                <interface>false</interface>
                <method>false</method>
                <order>static|field|initializer|constructor|method|interface|class</order>
                <variable>false</variable>
            </declaration>
            <modifier>
                <enable>true</enable>
                <order>public|protected|private|abstract|static|final|synchronized|transient|volatile|native|strictfp</order>
            </modifier>
        </sorting>
        <whitespace>
            <after>
                <comma>true</comma>
                <semicolon>true</semicolon>
                <typeCast>true</typeCast>
            </after>
            <before>
                <braces>true</braces>
                <brackets>false</brackets>
                <bracketsTypes>false</bracketsTypes>
                <caseColon>false</caseColon>
                <operator>
                    <not>false</not>
                </operator>
                <parentheses>
                    <methodCall>false</methodCall>
                    <methodDeclaration>false</methodDeclaration>
                    <statement>true</statement>
                </parentheses>
            </before>
            <padding>
                <braces>false</braces>
                <brackets>false</brackets>
                <operator>
                    <assignment>true</assignment>
                    <bitwise>true</bitwise>
                    <logical>true</logical>
                    <mathematical>true</mathematical>
                    <relational>true</relational>
                    <shift>true</shift>
                </operator>
                <parenthesis>false</parenthesis>
                <typeCast>false</typeCast>
            </padding>
        </whitespace>
        <wrapping>
            <always>
                <after>
                    <arrayElement>1</arrayElement>
                    <braceRight>false</braceRight>
                    <extendsTypes>false</extendsTypes>
                    <implementsTypes>false</implementsTypes>
                    <label>true</label>
                    <methodCallChained>false</methodCallChained>
                    <ternaryOperator>
                        <first>false</first>
                        <second>false</second>
                    </ternaryOperator>
                    <throwsTypes>false</throwsTypes>
                </after>
                <before>
                    <braceLeft>false</braceLeft>
                    <extends>false</extends>
                    <implements>false</implements>
                    <throws>false</throws>
                </before>
                <parameter>
                    <methodCall>false</methodCall>
                    <methodCallNested>false</methodCallNested>
                    <methodDeclaration>false</methodDeclaration>
                </parameter>
            </always>
            <general>
                <beforeOperator>true</beforeOperator>
                <enable>false</enable>
                <lineLength>80</lineLength>
            </general>
            <ondemand>
                <after>
                    <assignment>true</assignment>
                    <leftParenthesis>false</leftParenthesis>
                    <parameter>false</parameter>
                    <types>
                        <extends>false</extends>
                        <implements>false</implements>
                        <throws>false</throws>
                    </types>
                </after>
                <before>
                    <rightParenthesis>false</rightParenthesis>
                </before>
                <groupingParentheses>false</groupingParentheses>
            </ondemand>
        </wrapping>
    </printer>
</jalopy>

