<?xml version="1.0"?>
<purchaseOrders>
  <!-- 1st -->
  <purchaseOrder id="1" orderDate="2004-06-28">
    <shipTo country="US">
      <name>Alice Smith</name>
      <street>123 Maple Street</street>
      <city>Cambridge</city>
      <state>MA</state>
      <zip>12345</zip>
    </shipTo>
    <billTo country="US">
      <name>Robert Smith</name>
      <street>8 Oak Avenue</street>
      <city>Cambridge</city>
      <state>MA</state>
      <zip>12345</zip>
    </billTo>
    <items/>
  </purchaseOrder>
  <!-- 2nd -->
  <purchaseOrder id="2" orderDate="2004-06-29">
    <shipTo country="US">
      <name>Lee Grant</name>
      <street>123 Maple Street</street>
      <city>Cambridge</city>
      <state>MA</state>
      <zip>12345</zip>
    </shipTo>
    <billTo country="US">
      <name>Stonewall  Jackson</name>
      <street>8 Oak Avenue</street>
      <city>Lexington</city>
      <state>MA</state>
      <zip>12345</zip>
    </billTo>
    <items/>
  </purchaseOrder>
</purchaseOrders>

