<?xml version="1.0"?>
<!DOCTYPE xsa PUBLIC "-//LM Garshol//DTD XML Software Autoupdate 1.0//EN//XML" 
                     "http://www.garshol.priv.no/download/xsa/xsa.dtd">

<xsa>
  <vendor>
    <name>MetaStuff Ltd.</name>
    <email>info@dom4j.org</email>
    <url>http://dom4j.org</url>
  </vendor>

  <product id="dom4j">
    <name>dom4j</name>
    <version>1.3</version>
    <last-release>20020317</last-release>
    <info-url>http://dom4j.org/</info-url>
    <changes>
dom4j is a simple and flexible open source library for working with XML,
XPath and XSLT on the Java platform using the Java Collections Framework
with full integration with DOM, SAX and JAXP.

This release is primarily a bug fix release.
   </changes>
  </product>
</xsa>
