<?xml version="1.0" encoding="ISO-8859-1"?>
<project name="dom4j">

  <title>dom4j</title>  
  <organizationLogo href="http://sourceforge.net/sflogo.php?group_id=16035">dom4j</organizationLogo>

  <body>
    <links>
      <item name="XPath Spec"        href="http://www.w3.org/TR/xpath"/>
      <item name="Jaxen"             href="http://jaxen.codehaus.org/"/>
      <item name="dom4j@SourceForge" href="http://sourceforge.net/projects/dom4j/"/>
    </links>

    <menu name="dom4j">
      <item name="Home"                   href="/index.html"/>
      <item name="FAQ"                    href="/faq.html"/>
      <item name="Quick start"            href="/guide.html"/>
      <item name="Cookbook"               href="/cookbook.html" class="newWindow" title="New Window" target="_blank"/>
      <item name="Comparison"             href="/compare.html"/>
      <item name="Goals"              	  href="/goals.html"/>
      <item name="Changes"                href="/changes-report.html"/>  -->
      <item name="Download"               href="/download.html"/>
      <item name="License"                href="/license.html"/>
      <item name="Javadoc (1.6.1)"        href="/apidocs/index.html" class="newWindow" title="New Window" target="_blank"/>
      <item name="Javadoc (1.5.2)"        href="http://www.dom4j.org/dom4j-1.5.2/apidocs/index.html" class="newWindow" title="New Window" target="_blank"/>
      <item name="Javadoc (1.4)"          href="http://www.dom4j.org/dom4j-1.4/apidocs/index.html" class="newWindow" title="New Window" target="_blank"/>
    </menu>

    <powered-by>
      <item name="Code Coverage by Clover" href="http://www.cenqua.com/clover" img="http://www.cenqua.com/images/clovered1.gif"/>
      <item name="Hosted by SourceForge" href="http://www.sourceforge.net" img="http://sourceforge.net/sflogo.php?group_id=16035&amp;type=1"/>
    </powered-by>

  </body>
</project>
