<?xml version="1.0" encoding="iso-8859-1"?>
<!DOCTYPE moreovernews SYSTEM "moreovernews.dtd">
   <moreovernews>
      <article id="_13563275">
         <url>http://c.moreover.com/click/here.pl?x13563273</url>
         <headline_text>e-Commerce Operators Present Version 1.0 of the XML Standard</headline_text>
         <source>StockAccess</source>
         <media_type>text</media_type>
         <cluster>moreover...</cluster>
         <tagline> </tagline>
         <document_url>http://www.stockaccess.com/index.html</document_url>
         <harvest_time>Dec 24 2000  6:28AM</harvest_time>
         <access_registration> </access_registration>
         <access_status> </access_status>
      </article>
      <article id="_13560996">
         <url>http://c.moreover.com/click/here.pl?x13560995</url>
         <headline_text>W3C Publishes XML Protocol Requirements Document</headline_text>
         <source>Xml</source>
         <media_type>text</media_type>
         <cluster>moreover...</cluster>
         <tagline> </tagline>
         <document_url>http://www.xml.com/</document_url>
         <harvest_time>Dec 24 2000 12:22AM</harvest_time>
         <access_registration> </access_registration>
         <access_status> </access_status>
      </article>
      <article id="_13553522">
         <url>http://c.moreover.com/click/here.pl?x13553521</url>
         <headline_text>Prowler: Open Source XML-Based Content Management Framework</headline_text>
         <source>Xml</source>
         <media_type>text</media_type>
         <cluster>moreover...</cluster>
         <tagline> </tagline>
         <document_url>http://www.xml.com/</document_url>
         <harvest_time>Dec 23 2000  2:05PM</harvest_time>
         <access_registration> </access_registration>
         <access_status> </access_status>
      </article>
      <article id="_13549014">
         <url>http://c.moreover.com/click/here.pl?x13549013</url>
         <headline_text>The Middleware Company Debuts Public Training Courses in Ejb, J2ee And Xml</headline_text>
         <source>Java Industry Connection</source>
         <media_type>text</media_type>
         <cluster>moreover...</cluster>
         <tagline> </tagline>
         <document_url>http://industry.java.sun.com/javanews/more/hotnews/</document_url>
         <harvest_time>Dec 23 2000 12:15PM</harvest_time>
         <access_registration> </access_registration>
         <access_status> </access_status>
      </article>
      <article id="_13544468">
         <url>http://c.moreover.com/click/here.pl?x13544467</url>
         <headline_text>Revised Working Draft for the W3C XML Information Set</headline_text>
         <source>Xml</source>
         <media_type>text</media_type>
         <cluster>moreover...</cluster>
         <tagline> </tagline>
         <document_url>http://www.xml.com/</document_url>
         <harvest_time>Dec 23 2000  5:50AM</harvest_time>
         <access_registration> </access_registration>
         <access_status> </access_status>
      </article>
      <article id="_13534837">
         <url>http://c.moreover.com/click/here.pl?x13534836</url>
         <headline_text>XML: Its The Great Peacemaker</headline_text>
         <source>ZDNet</source>
         <media_type>text</media_type>
         <cluster>moreover...</cluster>
         <tagline> </tagline>
         <document_url>http://www.zdnet.com/intweek/</document_url>
         <harvest_time>Dec 22 2000  9:05PM</harvest_time>
         <access_registration> </access_registration>
         <access_status> </access_status>
      </article>
      <article id="_13533486">
         <url>http://c.moreover.com/click/here.pl?x13533485</url>
         <headline_text>Project eL - The XML Leningrad Codex Markup Project</headline_text>
         <source>Xml</source>
         <media_type>text</media_type>
         <cluster>moreover...</cluster>
         <tagline> </tagline>
         <document_url>http://www.xml.com/</document_url>
         <harvest_time>Dec 22 2000  8:34PM</harvest_time>
         <access_registration> </access_registration>
         <access_status> </access_status>
      </article>
      <article id="_13533489">
         <url>http://c.moreover.com/click/here.pl?x13533488</url>
         <headline_text>XML Linking Language (XLink) and XML Base Specifications Issued as W3C Proposed Recommenda</headline_text>
         <source>Xml</source>
         <media_type>text</media_type>
         <cluster>moreover...</cluster>
         <tagline> </tagline>
         <document_url>http://www.xml.com/</document_url>
         <harvest_time>Dec 22 2000  8:34PM</harvest_time>
         <access_registration> </access_registration>
         <access_status> </access_status>
      </article>
      <article id="_13533493">
         <url>http://c.moreover.com/click/here.pl?x13533492</url>
         <headline_text>W3C Releases XHTML Basic Specification as a W3C Recommendation</headline_text>
         <source>Xml</source>
         <media_type>text</media_type>
         <cluster>moreover...</cluster>
         <tagline> </tagline>
         <document_url>http://www.xml.com/</document_url>
         <harvest_time>Dec 22 2000  8:34PM</harvest_time>
         <access_registration> </access_registration>
         <access_status> </access_status>
      </article>
      <article id="_13521835">
         <url>http://c.moreover.com/click/here.pl?x13521827</url>
         <headline_text>Java, Xml And Oracle9i(TM) Make A Great Team</headline_text>
         <source>Java Industry Connection</source>
         <media_type>text</media_type>
         <cluster>moreover...</cluster>
         <tagline> </tagline>
         <document_url>http://industry.java.sun.com/javanews/more/hotnews/</document_url>
         <harvest_time>Dec 22 2000  3:21PM</harvest_time>
         <access_registration> </access_registration>
         <access_status> </access_status>
      </article>
      <article id="_13512020">
         <url>http://c.moreover.com/click/here.pl?x13511233</url>
         <headline_text>Competing initiatives to vie for security standard</headline_text>
         <source>ZDNet</source>
         <media_type>text</media_type>
         <cluster>moreover...</cluster>
         <tagline> </tagline>
         <document_url>http://www.zdnet.com/eweek/filters/news/</document_url>
         <harvest_time>Dec 22 2000 10:54AM</harvest_time>
         <access_registration> </access_registration>
         <access_status> </access_status>
      </article>
      <article id="_13492401">
         <url>http://c.moreover.com/click/here.pl?x13492397</url>
         <headline_text>Oracle Provides Developers with Great Xml Reading This Holiday Season</headline_text>
         <source>Java Industry Connection</source>
         <media_type>text</media_type>
         <cluster>moreover...</cluster>
         <tagline> </tagline>
         <document_url>http://industry.java.sun.com/javanews/more/hotnews/</document_url>
         <harvest_time>Dec 21 2000  8:08PM</harvest_time>
         <access_registration> </access_registration>
         <access_status> </access_status>
      </article>
      <article id="_13491296">
         <url>http://c.moreover.com/click/here.pl?x13491292</url>
         <headline_text>XML as the great peacemaker - Extensible Markup Language Accomplished The Seemingly Impossible This Year: It B</headline_text>
         <source>Hospitality Net</source>
         <media_type>text</media_type>
         <cluster>moreover...</cluster>
         <tagline> </tagline>
         <document_url>http://www.hospitalitynet.org/news/list.htm?c=2000</document_url>
         <harvest_time>Dec 21 2000  7:45PM</harvest_time>
         <access_registration> </access_registration>
         <access_status> </access_status>
      </article>
      <article id="_13484761">
         <url>http://c.moreover.com/click/here.pl?x13484758</url>
         <headline_text>XML as the great peacemaker</headline_text>
         <source>CNET</source>
         <media_type>text</media_type>
         <cluster>moreover...</cluster>
         <tagline> </tagline>
         <document_url>http://news.cnet.com/news/0-1003.html?tag=st.ne.1002.dir.1003</document_url>
         <harvest_time>Dec 21 2000  4:41PM</harvest_time>
         <access_registration> </access_registration>
         <access_status> </access_status>
      </article>
      <article id="_13480897">
         <url>http://c.moreover.com/click/here.pl?x13480896</url>
         <headline_text>COOP Switzerland Selects Mercator as Integration Platform</headline_text>
         <source>Stockhouse Canada</source>
         <media_type>text</media_type>
         <cluster>moreover...</cluster>
         <tagline> </tagline>
         <document_url>http://www.stockhouse.ca/news/</document_url>
         <harvest_time>Dec 21 2000  1:55PM</harvest_time>
         <access_registration> </access_registration>
         <access_status> </access_status>
      </article>
      <article id="_13471024">
         <url>http://c.moreover.com/click/here.pl?x13471023</url>
         <headline_text>Competing XML Specs Move Toward a Union</headline_text>
         <source>Internet World</source>
         <media_type>text</media_type>
         <cluster>moreover...</cluster>
         <tagline> </tagline>
         <document_url>http://www.internetworld.com/</document_url>
         <harvest_time>Dec 21 2000 11:14AM</harvest_time>
         <access_registration> </access_registration>
         <access_status> </access_status>
      </article>
      <article id="_13452281">
         <url>http://c.moreover.com/click/here.pl?x13452280</url>
         <headline_text>Next-generation XHTML stripped down for handhelds</headline_text>
         <source>CNET</source>
         <media_type>text</media_type>
         <cluster>moreover...</cluster>
         <tagline> </tagline>
         <document_url>http://news.cnet.com/news/0-1005.html?tag=st.ne.1002.dir.1005</document_url>
         <harvest_time>Dec 20 2000  9:11PM</harvest_time>
         <access_registration> </access_registration>
         <access_status> </access_status>
      </article>
      <article id="_13451791">
         <url>http://c.moreover.com/click/here.pl?x13451789</url>
         <headline_text>Xml Powers Oracle9i(TM) Dynamic Services</headline_text>
         <source>Java Industry Connection</source>
         <media_type>text</media_type>
         <cluster>moreover...</cluster>
         <tagline> </tagline>
         <document_url>http://industry.java.sun.com/javanews/more/hotnews/</document_url>
         <harvest_time>Dec 20 2000  9:05PM</harvest_time>
         <access_registration> </access_registration>
         <access_status> </access_status>
      </article>
      <article id="_13442098">
         <url>http://c.moreover.com/click/here.pl?x13442097</url>
         <headline_text>XML DOM reference guide</headline_text>
         <source>ASPWire</source>
         <media_type>text</media_type>
         <cluster>moreover...</cluster>
         <tagline> </tagline>
         <document_url>http://aspwire.com/</document_url>
         <harvest_time>Dec 20 2000  6:26PM</harvest_time>
         <access_registration> </access_registration>
         <access_status> </access_status>
      </article>
      <article id="_13424118">
         <url>http://c.moreover.com/click/here.pl?x13424117</url>
         <headline_text>Repeat/Xqsite And Bowstreet Team to Deliver Integrated Xml Solutions</headline_text>
         <source>Java Industry Connection</source>
         <media_type>text</media_type>
         <cluster>moreover...</cluster>
         <tagline> </tagline>
         <document_url>http://industry.java.sun.com/javanews/more/hotnews/</document_url>
         <harvest_time>Dec 20 2000  9:04AM</harvest_time>
         <access_registration> </access_registration>
         <access_status> </access_status>
      </article>
    </moreovernews>

